{
  "buffer_size": 40,
  "metrics": {
    "table_1": {
      "baseline": {
        "precision": 100.0,
        "recall": 66.42857142857143,
        "f1": 79.82832618025752,
        "accuracy": 66.42857142857143,
        "pollution_rate": 33.57142857142857,
        "tp": 93,
        "tn": 0,
        "fp": 0,
        "fn": 47
      },
      "system": {
        "precision": 100.0,
        "recall": 41.13475177304964,
        "f1": 58.291457286432156,
        "accuracy": 41.13475177304964,
        "pollution_rate": 58.86524822695035,
        "tp": 58,
        "tn": 0,
        "fp": 0,
        "fn": 83
      },
      "improvements": {
        "precision": 0.0,
        "recall": -38.07671776100054,
        "f1": -26.97898092613607,
        "accuracy": -38.07671776100054,
        "pollution_rate": 75.34329259091595
      }
    },
    "table_3": {
      "baseline": {
        "avg_input_tokens": 0,
        "avg_output_tokens": 0,
        "avg_total_tokens": 0,
        "avg_latency": 13.477636052880968,
        "buffer_hit_rate": 0,
        "archive_hit_rate": 0,
        "tokens_per_correct_answer": 0
      },
      "system": {
        "avg_input_tokens": 0,
        "avg_output_tokens": 0,
        "avg_total_tokens": 0,
        "avg_latency": 7.749649575416078,
        "buffer_hit_rate": 0,
        "archive_hit_rate": 0,
        "tokens_per_correct_answer": 0
      },
      "improvements": {
        "avg_input_tokens": 0,
        "avg_output_tokens": 0,
        "avg_total_tokens": 0,
        "avg_latency": -42.499934372693495,
        "buffer_hit_rate": 0,
        "archive_hit_rate": 0,
        "tokens_per_correct_answer": 0
      }
    }
  }
}